공부시간,수면시간,점심칼로리,성적,성별
3.745401188473625,5.110797573031718,483.19397861513414,39.08022279481601,남
9.50714306409916,7.251405684270149,472.8851593503999,69.85240803042359,남
7.319939418114051,9.23767501525845,934.3782063647257,67.8366758007368,여
5.986584841970366,8.393349318457368,474.68233989465426,44.63666768971044,여
1.5601864044243652,8.839366887168698,,36.443033806291645,여
1.5599452033620265,7.952700200264304,831.5787836925746,33.32716691043376,여
0.5808361216819946,8.153659387107115,614.817889715378,23.51329258354697,여
8.661761457749352,9.095173909391916,843.6973898686268,70.6530713429281,여
6.011150117432088,5.498008053155115,345.7563102950697,35.62815363192976,남
7.080725777960454,6.936549781858843,641.2998355713689,57.732990866637,여
0.20584494295802447,5.327256650917613,323.52952012829786,9.772175676997968,남
9.699098521619943,9.926008047979881,343.85724241874817,65.02272969902928,남
8.324426408004218,9.66435603811968,934.5062173410877,62.68411035858187,여
2.1233911067827616,4.236560868211035,397.4717597823166,28.628236743108673,남
1.8182496720710062,8.23345103509413,672.694477592652,29.13877823800587,남
1.8340450985343382,9.551489904493994,587.7669218204946,41.819513069447126,여
3.0424224295953772,5.083452070764001,543.1403283811899,28.1314122580553,여
5.247564316322379,7.407671383315777,929.8833419810908,41.815207980089625,여
4.319450186421157,9.49292978552825,315.27637774284267,38.153252080847416,남
2.9122914019804194,4.203675871514793,764.6527803229123,36.7943946561955,여
6.118528947223795,8.18452160348104,974.3761039494852,55.925958092892564,여
1.3949386065204183,5.784094044235305,692.1177284232893,22.722621922852593,여
2.9214464853521815,9.546377172259183,955.7757234231643,44.057835134774855,여
3.663618432936917,9.826349470992206,336.5805155002166,43.84550994250888,남
4.56069984217036,9.665598934680602,593.155323351913,53.653244393244435,여
7.851759613930136,6.845285299944782,482.1104536734358,65.01296935573924,남
1.9967378215835974,9.17225590593588,811.5746754865108,34.64510444570943,여
5.142344384136116,9.067296391210423,986.9079633480727,47.08515590617196,남
5.924145688620425,5.914602839459533,479.57104371097347,44.178318753514546,남
0.46450412719997725,8.973492844904065,757.9222210318521,29.150131069040967,남
6.075448519014383,4.222045808292956,438.6683429318181,38.38922300992296,여
1.7052412368729153,7.577619270892319,695.7311782001269,25.853001933675273,남
0.6505159298527952,5.3800530237262185,624.7527406818353,21.979152511284195,여
9.488855372533333,4.723401314663673,980.4037307420759,66.45185504156252,여
9.656320330745594,4.461719209775255,725.9690908875266,64.62871595921169,여
8.08397348116461,8.177732655268839,544.6544604607732,58.42940064746812,여
3.0461376917337066,6.039249782608397,379.86704942155336,29.955854947072027,여
0.9767211400638387,8.34860062917257,405.8727801144542,21.018369038467352,남
6.842330265121569,4.392138044793654,457.7218509658646,52.02413798047774,여
4.4015249373960135,5.891742026983662,475.6766629382086,43.72412204394824,남
1.2203823484477883,7.236947754252023,895.4312404887964,20.299180344440487,남
4.951769101112702,8.744338989033782,692.8559517977674,44.528528700646696,남
0.34388521115218396,5.912515017592419,666.3736379620566,12.725546195115928,남
9.093204020787821,7.755348258622055,380.33821030845223,61.52997905223324,남
2.587799816000169,9.315866489417122,902.0977853446045,40.174520063329325,남
6.62522284353982,7.695179129093828,805.9700122459386,49.32794649985348,남
3.1171107608941098,5.397756848521802,347.36785333000114,25.245446969187597,여
5.200680211778108,4.146404689339228,795.484568060838,37.23126925776988,남
5.4671027934327965,9.22059324340558,680.4767521398522,53.61780462236838,여
1.8485445552552704,4.127616465102323,357.2077420227448,21.416754811889696,남
9.695846277645586,9.248210036105196,620.8104490700596,69.57506818445263,남
7.7513282336111455,7.173622804163272,639.2874009910329,60.38086514698959,남
9.394989415641891,9.634406191077378,416.04217811429305,67.6707808185708,남
8.948273504276488,8.792699414641993,961.9887029001976,70.58837782803812,여
5.978999788110851,9.987604663200024,894.9827600364633,67.18729631881163,여
9.218742350231167,6.104270892710261,768.3156361303759,72.68771515683186,여
0.884925020519195,8.603129733586762,623.6068927004251,21.369047312135763,남
1.959828624191452,6.411585481655453,588.235879109156,32.653334964755594,남
0.45227288910538066,6.879253721823453,755.681427005668,27.63366893168845,남
16.266516538163216,7.7650327793102205,681.8023085848338,32.87328873886891,여
3.8867728968948203,9.242062685118032,343.59117411731995,45.44778981465767,남
2.713490317738959,9.904500815195771,658.7518541392321,47.653631352541424,여
8.287375091519294,8.609640483187109,864.4825320629876,61.68825771337849,여
3.567533266935893,6.506600693004002,621.4679143178706,32.47803275879485,남
2.8093450968738076,6.528142013662421,336.3696042879879,35.555012888791275,남
5.426960831582485,8.42549380953335,850.3947395688232,53.847215726795596,여
1.4092422497476265,5.4326628746098145,440.9546474951821,25.0784648491072,여
8.021969807540398,4.6628446787883675,481.03458442162713,55.94883032149748,여
0.7455064367977082,6.127732945844659,415.29444740260715,22.08942215434465,남
9.868869366005173,5.72343394992449,531.1505454100483,59.47035954241991,남
7.722447692966574,5.777848722735941,829.7260539820445,63.70178498323243,남
1.987156815341724,5.40164650629946,663.5701016527562,33.22272806797397,남
0.05522117123602399,4.252559137818171,443.4168919054988,12.06843933053131,남
8.154614284548341,4.107243608400482,914.4810547064286,57.91498443753765,남
7.068573438476172,9.92633433841619,915.7072984660705,56.69707134109534,여
7.2900716804098735,6.566638802415174,909.4048975322048,61.24895876229093,여
7.712703466859457,6.30595988295809,467.1573479670775,58.707297788454966,여
0.7404465173409036,8.07788369615842,615.8675409266916,25.70572030329172,남
3.5846572854427263,5.3095233271903854,989.4927592986126,44.05902747393304,여
1.1586905952512971,9.699767103701351,840.4087334169933,31.92668836292942,남
8.631034258755935,8.718070086493313,319.01719485789187,66.60451304481322,남
6.232981268275579,4.536466013873557,345.6432138823444,38.59594881448788,여
16.54490124263246,6.50548465470957,624.751963768633,35.68562943536674,남
0.6355835028602363,9.274709845372989,936.4541441030921,30.2201073565639,여
3.109823217156622,9.668392133748462,677.0912585669,42.78335254915375,여
3.2518332202674705,6.804409067499218,648.4687556240032,34.50503714840902,남
7.29606178338064,7.680468335264246,373.8315899696414,54.92219850876977,여
6.3755747135521315,5.002203676552451,759.7460733070059,53.60997751114315,여
8.872127425763265,9.947011756821858,875.4722124201578,70.82556158047053,여
4.722149251619493,5.390030208300661,566.2940052552937,32.02086122355833,여
1.195942459383017,9.656390644810754,842.9282956477292,42.46969606404099,남
7.13244787222995,7.897879893954211,975.1336577305681,68.11660611981628,여
7.607850486168974,7.6464207692731545,442.6365213893823,51.29714570775691,여
5.612771975694963,7.076131066099052,666.3307418363189,52.32796845526208,여
7.70967179954561,5.384018870306552,500.9965706592029,51.81148859217647,남
4.937955963643907,5.05916819203305,854.9980933236875,44.67553321217781,여
5.227328293819941,5.322917254421052,704.3153561168103,45.29675018417738,남
4.275410183585496,5.118629572865527,744.2076922852126,37.88434798492905,여
0.2541912674409519,8.67750684140052,858.5399117311258,23.292540809385073,여
1.0789142699330445,6.100751555000381,577.1793308637184,19.915162506721874,여
0.3142918568673425,4.347056059380378,940.5630478849303,15.09024230454056,남
6.364104112637804,9.814615780844868,,54.02184315444951,남
3.143559810763267,9.302715309780554,410.5683759847436,38.0930219829781,남
25.428534558235143,9.566513699171278,787.1293827181617,48.854055838205554,남
9.07566473926093,9.969446935878612,855.2829453067781,77.28030734969275,남
2.4929222914887497,5.043371495316924,521.7331739472687,35.20491696422992,남
4.103829230356297,6.377452113415952,900.025479899127,39.37403897075445,여
7.555511385430487,8.549430854224548,934.3002783360365,65.41644392163877,남
2.2879816549162246,8.176123708322754,493.83314116446627,35.228912654385965,여
0.7697990982879299,4.92337543803913,988.4650309006554,25.94040803112084,남
2.8975145291376805,8.894998749943706,398.4980696341309,36.64232718149756,남
1.6122128725400442,5.346643431019964,441.410967881743,26.88187299535619,남
9.29697652342573,5.342905688935739,428.9573874666183,63.87151263306959,여
8.08120379564417,7.221846537360482,925.7927970055093,57.91932791136041,남
6.334037565104235,7.557639609050219,758.0047866274733,58.71129523184271,남
8.714605901877178,7.480517247026867,406.472998255591,67.03524817232925,여
8.036720768991145,4.548921024386529,608.2263928578443,51.54727930141432,여
1.8657005888603584,9.264765175782282,730.7086175488614,35.35480864859298,여
8.925589984899778,5.593600255532237,358.4248594925683,62.816043994544394,여
5.393422419156507,4.777089527696825,917.6914578851371,44.651636632130746,남
8.074401551640625,9.332488479213863,862.5224748090747,73.02709970355166,여
8.960912999234932,9.73390898937852,653.6447415036467,82.62819286306497,남
3.1800347497186388,9.172765703592704,976.9886306814193,40.085661299417886,남
1.1005192452767676,8.857096448349267,592.4326854925698,22.235892962239195,여
2.279351625419417,7.93145188383413,988.8772233255485,38.66752710604521,남
4.271077886262563,7.305144223654835,767.543999162539,47.248930395878595,여
8.18014765922493,4.521920559468461,744.269891277759,56.23294645861531,남
8.607305832563434,6.4507192784241925,416.1684267070495,67.36595530334122,여
0.06952130531190703,6.236131102073884,917.3494308132508,15.300334040223566,여
5.107473025775658,5.558522702561957,599.2427815444306,46.111431464604564,여
4.17411003148779,8.34052068213151,413.56338404773555,38.65792125838485,여
2.2210781047073027,6.975254410472624,308.82526398303133,36.741041515348556,여
1.198653673336828,4.486277295445888,691.8289785468678,31.846689508885188,여
3.3761517140362796,5.3210992116988685,669.1797354858734,30.381471409521133,남
9.429097039125192,8.099552581957575,803.547535658411,68.63228003658233,남
3.2320293202075523,4.456785156941801,923.1806371124615,38.60346272094498,남
5.187906217433661,9.107241484292611,355.58460925012065,45.77420689930716,여
7.030189588951778,6.970879162083846,812.0475432382536,56.98612561164793,남
3.63629602379294,6.883519463959888,431.18836086830754,36.3873447582796,여
9.717820827209607,7.554446707957106,900.7239372100148,63.10687114307411,남
9.624472949421111,8.948085795550895,873.3444597031593,74.68279220476776,남
2.5178229582536416,6.086855247413158,678.5556284898811,28.099742700672465,여
4.972485058923855,8.068096915354381,797.169959036318,46.50470460369235,남
3.0087830981676964,7.394391783974746,520.0450792286239,42.25130986841828,남
2.848404943774676,5.602169621016528,,25.46200478203986,남
0.36886947354532795,9.271779918130948,875.1458283973302,33.20539142170173,여
6.095643339798968,8.784556129641569,621.4856380212498,52.867370686831435,남
5.026790232288615,7.950711007950553,550.4587857278093,45.14116019214311,여
0.5147875124998935,9.103490374565451,645.94871307521,31.192264922641023,남
2.7864646423661146,9.203765205758813,879.7744767060528,42.83785486325318,남
9.082658859666537,8.250177860290208,534.645633159611,70.11317133660687,남
2.395618906669724,9.022079970182032,421.63311519502065,39.0795089283272,남
1.448948720912231,8.184828770015702,798.4098142315465,29.94195737099141,여
4.89452760277563,8.080844630561803,878.1847488956572,46.35499109141958,남
9.856504541106007,7.711668269291106,370.4462349664733,62.98456896098799,여
2.4205527151150044,8.516299837345848,467.9118789291613,29.687429389663553,여
6.721355474058786,4.951630631758443,399.38039283269575,62.24931468868139,남
7.616196153287175,9.28522455519357,543.5589881075166,68.31041766158212,남
2.3763754399239967,9.231061166471392,615.2456852337889,29.741084553860553,여
7.282163486118596,4.175483698207355,824.1784358743146,46.391279402032986,여
3.677831327192532,8.954900503388576,755.8033094171719,46.266321045503986,남
6.3230583059357945,4.773219204840672,734.6499972349018,51.244553898599165,남
6.335297107608947,6.010713125554851,546.662462626758,51.908955592008844,남
5.357746840747585,8.461049537749647,889.013287159332,51.32618718306205,남
0.902897700544083,4.9645593762898494,629.9010171787152,20.115346127072762,남
8.35302495589238,8.907802144714374,985.3734566106082,71.07386125579352,여
3.2078006497173583,8.992805067746453,743.8994968070158,41.89307338361652,남
1.8651851039985423,7.044806402565017,388.3853190951519,16.20288965233659,남
0.40775141554763916,4.038315230301001,773.3242934528039,16.69963231999227,여
5.908929431882418,5.722228799049477,527.5728108021892,42.00780069423137,남
6.775643618422825,7.701561510254454,780.4290376802683,57.961688583968275,남
0.16587828927856152,9.88711706816454,348.748803713684,39.017408632875785,여
5.12093058299281,7.7908811621000105,422.41700602317155,47.247993626767304,남
2.2649577519793795,5.558821486384959,899.0160812340505,29.86494411414533,여
6.451727904094499,7.804034218597668,459.0256899164604,57.06597236671869,남
1.7436642900499144,7.239912278295133,885.928787670058,34.47087331958648,남
6.90937738102466,8.679072370906862,495.49326191808734,58.9604367183771,남
3.867353463005374,4.64188383296175,750.0173370410953,39.15496131743968,여
9.367299887367345,8.566167415012167,785.9054014568817,82.11060610557759,여
1.3752094414599325,7.247599472056661,658.8583272015371,22.30538724679878,여
3.410663510502585,9.777952023153968,513.7174736877118,44.11455671975526,여
1.1347352124058907,6.051232996232116,448.85106345976726,17.63274703918367,남
9.246936182785628,7.795731358803689,323.23254819369834,67.83603234518375,여
8.77339353380981,9.592168633060105,512.7624808685066,63.58549718642385,여
2.579416277151556,4.6150583679440755,757.2139533718981,27.612503587339493,여
6.59984046034179,9.623370923418706,956.8133729139379,60.338628306496204,남
8.172222002012159,8.127314333804879,909.8431375841365,71.09325365023547,남
5.5520081159946235,4.407022354631032,836.2453435747118,49.52881094469438,여
5.296505783560065,5.805781401680898,851.913140277309,40.384636241703284,여
2.418522909004517,8.24903253187169,765.4894324331967,36.52024448809718,남
0.9310276780589921,4.40410360881263,482.2008002962021,14.73745433713638,여
8.972157579533267,7.49302276105764,935.036521494081,62.90467408134575,여
9.004180571633304,6.07529834171774,769.5126183340838,63.781540472820986,여
6.33101457273268,7.725493106604863,692.308441686308,52.4867295514571,여
3.390297910487007,4.274452202875077,377.69262844943677,41.41090267440717,남
3.492095746126609,9.229220836914259,612.9388806644978,44.213108337910015,남
7.259556788702394,9.840933815064382,622.2507898413485,55.31407196828303,남
8.971102599525771,9.813267131714149,905.194526665869,70.71012250686113,여
8.870864242651173,8.497910990457548,682.6537541314519,73.28359721263247,여
7.798755458576238,4.780517440783791,566.2803842792867,64.65982988159126,남
6.420316461542877,8.549579175574134,983.7602299574615,51.10842639724748,남
0.8413996499504883,4.147521498752809,377.504415328421,6.877463474847044,남
1.6162871409461377,4.1327413091739835,595.7838998183613,31.659583198121176,여
8.985541885270793,5.941661314897248,,62.05327566920282,남
6.0642905965958995,6.931859142427994,817.9328845368512,48.02303645382217,여
0.09197051616629648,8.622444506846758,942.6535865394054,29.80442289053123,여
1.014715428660321,8.099772259639032,496.0261306853426,13.054644274348705,남
6.635017691080558,6.67541623826049,900.8391737593846,55.55119020250341,남
0.05061583846218687,5.641759997689995,504.55276132332847,18.221232665139635,여
1.6080805141749865,9.982747000946267,937.5391131507406,42.00263840196402,남
5.487337893665861,6.557087813415838,827.7733325177487,43.75911865887578,남
6.918951976926932,6.708322145978053,863.434743789007,57.07418742149763,여
6.519612595026006,4.981742927150015,312.6045889203182,41.060471588335304,여
2.242693094605598,8.768857292499575,973.9672499518182,39.76777133591691,여
7.121792213475358,8.162093354688931,808.6696944492262,55.54311310943179,여
2.3724908749680007,5.324617676732562,513.3257667702933,25.604443200206962,여
3.2539969815926773,4.494286273695057,880.5762654011928,29.08524313541428,남
7.464914051180242,8.082995812448278,497.06483889045097,61.71689147882056,여
6.496328990472147,7.927067285686811,910.9276876962896,61.73731198398058,여
8.49223410494178,5.639557161989256,378.8062732883559,56.3552447317839,여
6.576128923003433,9.705181373502462,792.580184222557,60.4079991790478,남
5.683086033354716,4.906347350685401,678.4889336514373,37.77005713149103,여
0.9367476782809248,6.594008806255611,367.57412913680855,20.049114055249998,여
3.6771580305943354,9.661695521005594,469.3256797811873,42.15141490758601,여
2.6520236768172545,6.518363901556734,308.68282539412036,42.487639896290815,남
2.4398964337908358,7.8311556859845135,628.137575825154,28.583334170303928,여
9.730105547524456,6.385566387776766,510.88568253200026,73.851403532258,여
3.930977246667604,5.64529121409202,718.8502390084311,43.11826491893541,여
8.920465551771134,9.903865887758968,508.0664653960321,70.8939062107846,남
6.311386259972629,6.456004037890258,509.9433780548893,58.36147557716822,남
7.948113035416484,9.364595222074806,820.2352391121224,68.53263537538757,남
5.026370931051921,5.3797276353465175,333.69998518484743,41.17410575614076,남
5.769038846263591,5.2786282241505,932.026496634391,48.45711238087514,여
4.925176938188639,4.186804497307068,896.5847120738271,48.083185218388735,여
1.952429877980445,7.91000095225531,767.4632782584845,38.739130246052106,남
7.224521152615053,6.211158062342567,715.255099075169,52.569086441031025,남
2.807723624408558,9.186149499037821,924.6117486977565,35.06079863410216,여
0.2431596643145384,6.839259440149343,429.73112567010014,18.176725271594094,여
6.454722959071678,9.80916056748833,355.27841353358,51.444527243682614,남
1.7711067940704894,5.113153094218727,467.6571189366767,23.440788475079895,남
9.404585843529143,9.211739007733666,856.2047950901332,80.19564585743507,남
9.539285770025874,8.65958111675045,324.2691867085383,65.97177467528171,남
9.148643902204485,8.625531067864312,707.9647845584427,69.8598125857776,여
3.7015870025544437,9.068699368701326,996.806261333917,46.90351003755602,남
0.15456616528867428,8.566143945657993,898.9872656862776,31.137145785648556,남
9.283185625877254,7.7573219297884926,665.0119823305126,57.34624514234536,여
4.281841483173143,4.787469266094325,344.54863650064965,31.39613083923438,여
9.666548190436696,4.1951570769475115,881.9614600699969,66.59908816817583,여
9.636199770892528,9.525087086894121,719.2849557240474,80.42441736762567,여
8.530094554673601,7.699901887124428,380.4530979416968,59.395295289502805,여
2.944488920695857,8.779223745857058,365.7000993763493,26.555129558747527,남
3.8509772860192526,6.8891341090753,936.7387736056147,45.49909961413369,남
8.511366715168569,4.703849133774367,768.440184056655,56.47212173982998,남
3.1692200515627764,4.751114753215303,880.5007595217289,28.205004064009973,여
1.6949274668609249,8.113391723373828,915.2852301975871,30.732546134462034,남
5.568012624583502,6.581835369396776,700.2406464338255,47.083513537770074,여
9.36154774160781,5.20314836020202,662.212446228529,60.81243656803731,남
6.96029796674973,6.949567280448621,601.2991872246931,43.685785981397466,남
5.700611700893649,4.385253622450804,521.8626114537835,46.97752284834335,여
0.9717649377076854,7.4918284114863924,604.2171726010982,32.2590284439158,여
6.150072266991698,5.613960426610586,841.7157590111094,53.653049734988286,남
9.900538501042632,8.78535460382313,721.3464017105921,68.59843737784126,남
1.4008401523652403,5.862171753541443,924.7663029683922,26.96874962885542,남
5.183296523637368,6.731320894490807,610.3660100654314,45.450177931675476,남
8.773730719279554,4.069723239448604,724.9627051031277,62.2516990741358,남
7.407686177542044,4.434681326767353,741.9152871643921,56.66864885647926,여
6.97015740995268,6.354961338440109,714.1880136144279,51.03172086889542,여
7.024840839871093,6.879633008302741,791.8436411598614,57.21188440962736,여
3.5949115121975517,7.600123288715823,466.2034278623644,40.123240440119254,여
2.9359184426449336,5.749975472255819,658.6546442820535,40.045201211290674,남
8.093611554785136,8.169891316759255,372.95736196584335,64.05994672622623,남
8.101133946791808,9.160734383135228,569.1579293513688,68.46400123062077,여
8.670723185801037,8.679105933360098,641.3669480348851,67.54463041572104,남
9.132405525564714,4.237712952090143,756.5569816818307,68.75531907483968,여
5.113423988609378,6.883041683546974,965.3717368103424,51.03573465804175,남
5.015162946871996,4.629581070509049,720.4557465838491,37.23409479034871,남
7.9829517896677515,5.452270095175165,820.5157413235919,66.04130640255097,남
6.4996393077776515,9.919975559602879,654.3862416466419,62.37152643725557,여
7.019668772577034,4.854973257409079,743.872821963432,50.031798491695234,여
7.95792669436101,6.993328920708136,349.6525512936414,54.87535198916152,여
8.900053418175663,7.708934405908715,,66.18175469429248,여
3.379951568515358,8.214789823264624,553.2971652435971,41.17823311787993,남
3.75582952639944,7.357892100921484,630.7453485045595,40.7888466470418,남
0.93981939840869,4.058625084515102,331.9541218516686,17.692431746804765,남
5.78280140996174,5.9587678494639515,398.0168682873224,53.311498304491735,남
0.35942273796742086,7.106269860308268,493.7700154539141,26.30506932616721,여
4.655980181324601,4.527198994869,980.0728836307354,43.08820568899348,남
5.426446347075766,6.103761587255084,531.9429049721355,49.36573686344777,남
2.865412521282844,4.1992186527482,637.4287406784578,23.937167801057498,남
5.9083326056901075,4.471470982930125,437.26839891687507,44.84692423321358,여
0.3050024993904943,6.381539657209577,727.5460497530378,30.610084057567555,여
0.37348188749214417,4.796294524258363,496.478250861182,15.334551517627396,여
8.226005606596583,7.405245089569349,444.89480490689874,56.15129661809518,남
3.601906414112629,8.136789814823594,661.6008399121854,37.638675656366885,여
1.2706051265188478,8.803520194654498,303.8540594122946,21.55044142931424,남
5.222432600548044,5.200901465468861,305.3648228544577,35.643804621583996,남
7.699935530986108,5.004895493554418,453.3481663713004,51.19040981280224,남
2.1582102749684315,4.627407042006402,325.7049537505748,16.2750799004675,여
6.228904758190002,7.81858149726182,375.61802789148396,50.615958734136505,여
0.85347464993768,8.238854358921408,537.2024545371262,30.628492381835713,남
0.516817211686077,4.189516868953852,861.809975705869,15.042438652662177,남
5.31354631568148,9.617273477462138,700.4340503585106,60.40303865512562,여
5.406351216101065,4.311827701908834,658.8674081694915,44.79804600865589,여
6.374299014982066,7.247778011806423,505.4421762456851,56.574375789100316,여
7.260913337226615,8.254363116705498,952.2276036029715,59.046396186313096,남
9.758520794625346,9.225814742476514,577.9105288660342,77.29596488207319,남
5.163003483011953,8.284521592794567,360.96493675704005,40.53404046624273,남
3.2295647294124596,8.81036849841875,731.9465612824608,45.539263760906955,여
7.9518619476870365,6.036701155256837,379.68687543362097,56.488777502252724,여
2.708322512620742,8.888950682479074,541.6561999611845,39.50233202759762,여
4.389714207056361,4.480689078308051,655.1883571024662,31.58385973479831,남
0.7845638134226596,9.368899936363166,911.955767279623,27.30482740125284,남
0.2535074341545751,7.285554256922417,645.482606238083,25.279612838265464,여
9.626484146779251,8.903786619774962,791.581136222165,69.11406531454682,남
8.359801205122059,6.713909707109801,994.9717872993492,67.49257477331899,여
6.95974206093698,7.86146617117915,392.0423839285871,47.60637745402785,남
4.089529444142698,7.15841596561668,492.31206786366363,43.928470893916824,여
1.7329432007084578,8.389537130531991,576.2032529183525,25.04320621994725,남
1.5643704267108605,4.489779892183537,595.279724977182,25.515708856090814,남
2.502428981645953,4.362112503943383,587.7147526858821,30.241672111205354,여
5.4922666470612045,5.482619404060879,935.3277017895884,44.29598996917579,여
7.145959227000623,4.95726808067913,799.8228511267995,56.552693643053,여
6.601973767177313,9.23070139955321,725.5336498634927,60.02881945029569,여
2.7993389694594284,5.315283924148266,516.5609025039474,27.09866243966946,여
9.54865280663194,9.855191534914788,876.6532689549063,71.17740637215731,남
7.378969166957685,6.0213747506266415,968.5423580394922,48.80989045807374,여
5.543540525114007,5.0927074941321955,874.8387977851586,48.39975582818448,여
6.117207462343522,8.738191042854876,301.09557363403104,43.249361276957394,여
4.196000624277899,7.952246653005257,745.4809591283849,44.8160270158904,남
2.4773098950115746,6.989174298718834,335.7947670094705,28.405604662179,여
3.559726786512616,7.332181305625787,480.32505423360533,40.661960963341684,여
7.578461104643691,8.315210669633583,341.66729024344016,56.4291722674707,여
0.14393488629755868,5.370728447987792,722.6568170645714,17.040460566373632,남
1.1607264050691624,9.978003496340452,780.6129394448247,37.22512193391644,남
0.4600264202175275,9.848758972880699,380.14134664613357,27.47435365873096,여
0.40728802318970136,7.901954118081621,568.6872181314857,25.108000319340494,남
8.554605840110073,5.197254705574871,619.3655562688793,61.707532123431534,여
7.036578593800237,8.081369454587747,558.3371152326416,49.251142414467566,남
4.741738290873252,4.433190453875055,384.71750033963514,40.20619076544764,여
0.9783416065100148,4.183915013234836,593.2634531312328,22.254516560400084,남
4.916158751168323,5.546097331067282,825.8246334658927,38.84781910975263,여
4.734717707805657,6.775737740435898,349.70536517327884,39.50171530326187,여
1.7320186991001518,9.209635032450283,356.1260098573324,30.444087220836494,남
4.33851649237973,8.363014418597848,548.3399042851889,43.22952641993757,여
3.9850473439737346,8.456239127199886,959.2079981332475,48.099094788443594,여
6.158500980522165,6.552960006688452,768.0008527060398,58.73526735220405,여
6.350936508676438,6.075609955281777,775.0689696707954,57.06542578901784,여
0.4530400977204452,6.226232577907616,553.3439935865055,13.690009613125481,남
3.746126146264712,9.925897382416347,715.5625538459769,48.84840098614627,여
6.258599157142363,4.240655148474895,307.09182881942036,49.48989096853286,남
5.031362585800877,9.202188976734691,745.2672324866795,52.94790581078658,남
8.564898411883222,7.472052451434361,939.3008633033658,72.61650772124833,남
6.58693631618945,6.6316925151375425,728.8014278413734,63.54743311813989,남
1.629344270814297,8.35154596249082,911.5890154264415,39.08425116385244,여
0.7056874740042984,6.920013648548217,806.7811388262656,26.682819033589226,여
6.424192782063156,9.240539428489964,384.3908914825832,59.67139405254531,남
0.26511310541621813,9.40421118406755,931.7173151000892,30.175600211701536,여
5.8577558127346325,6.5303255612407325,346.5106910490424,45.934052313069834,남
9.402302414249576,5.660966783410309,673.7772307834346,63.31414676733418,여
5.75474177875879,7.554101971560174,399.4959866554204,55.69393949762904,여
3.881699262065219,9.474180073700147,308.19462751163286,37.34665940313272,여
6.432882184423532,5.263973134034,,56.30843563446972,남
4.582528904915167,7.737799501380897,506.5284953579094,45.952849099618575,남
5.45616789315935,7.789361320555123,640.2003456583221,42.26503468948051,여
9.41464808776525,8.398678134491686,,72.7492423799086,남
3.8610263780077423,4.789406110763559,330.61735061626314,21.68998507947034,남
9.611905638239142,8.29494978809253,386.1023065866219,71.63799091740216,여
9.053506419560637,9.454195123993845,691.0496775152977,75.5125765358888,남
1.9579113478929644,5.078098653221452,540.2171472208607,22.386145739856065,여
0.6936130087516545,5.425259949543266,810.4214412846136,23.040537835468854,여
1.0077800137742665,9.828370564249838,756.6041540143578,42.032469906266016,여
0.18221825651549728,5.085861716256939,891.9230540929348,17.47331173471103,남
0.944429607559284,9.126310560217474,784.7449786684576,25.527681009632943,여
6.830067734163569,6.953667138688209,600.9517541731036,61.475507502238294,여
0.7118864846022899,5.483386446419062,771.0766356761027,32.049907625264574,남
3.189756302937613,9.224499407635069,492.76682197879296,39.343926908985374,남
8.448753109694545,6.671831530015993,514.4194491447489,65.78893827699399,남
0.23271935735825866,7.088904123578141,852.2896119445553,30.571680731047536,남
8.144684825889358,6.155400216398594,612.4936614811074,55.44674001436314,여
2.8185477477339993,7.557705108609564,858.8662383628467,35.37028216267825,남
1.1816482762165625,4.981143235510137,875.6956615677949,30.78185703355471,남
6.967371653641506,6.3464892199105645,900.2936363628986,64.9578444652002,남
6.28942846779884,9.816473934011725,941.6446650888452,63.31094115877787,남
8.77472013527053,5.548800596206766,601.6896543593074,56.58902664484898,여
7.350710438038858,7.940419987247753,523.2067728247972,67.80176545143497,남
8.034809303848485,5.951140385348169,707.5391226158797,56.49686402703774,여
2.820345725713065,8.640838754119603,559.8206964063393,35.30592419501067,남
1.7743954377972282,4.785241964310099,720.7519167601631,27.36166945765608,여
37.53073758204292,9.818926270471268,793.9101038506772,72.8784932650661,여
8.06834739267264,6.7227372483018355,781.8835129444958,65.87592647217295,남
9.905051420006734,5.416302780078784,562.187020914085,68.05406037114163,여
4.126176769114265,4.440980483980076,416.802141189127,35.99730887601328,남
3.720180857927832,5.018547430525245,601.3705369235453,34.869277863142436,여
7.764129607419968,7.118643691336106,399.81590085733615,59.84679200093795,여
3.4080354025301784,6.022019058587718,923.0679246286659,25.667093987641472,여
9.307573256035647,8.973300195295657,542.1142225165001,68.42257160058556,남
8.584127518430119,6.585325141970836,408.12182305632666,61.379115781239435,여
4.289940273750183,5.492285635525779,317.81343193402563,29.857336541045196,남
7.508710677914974,7.70286991962418,752.0756704005389,62.40166652188641,여
7.545428740846823,8.240663301312676,745.8316222183203,60.64443042411206,여
5.15619344179663,5.002251447405699,538.4229166069042,29.322303994254526,여
9.025529066795666,5.005715297729906,350.1983221933557,66.50615777744599,여
5.052523724478571,4.220028561601258,586.7402264266624,37.24105016427118,여
8.264574661077416,8.418412090393844,517.8522465443755,62.58403139378505,여
3.2004960103061175,7.98282716573083,773.9844478145066,39.33824103309535,남
8.955232284962005,6.847785254498883,724.0454746168832,63.45388929917851,남
3.892016787341631,9.065022693815184,555.215609738278,44.117410341861934,남
0.1083765148029836,8.834020917700318,452.52478797849307,18.943761944762535,여
9.053819764192637,7.512126186380513,991.6251763089143,64.55652628212573,남
0.9128667678613356,9.209627683079551,617.8011348372804,32.27515667333992,여
3.1931363759041487,5.235047260220609,781.791965046166,37.401343971532675,남
9.50061967050805,4.671517716386367,398.38707730485254,56.808425760061546,남
9.506071469375561,5.618497669101938,639.9127897615784,69.64325773651046,여
5.734378881232861,4.342521136535889,319.2757039086258,37.391805072495686,여
6.318372121697992,7.187017168006192,653.818582537315,53.7699069600654,남
4.4844552197831975,9.61963415376977,974.8121849823916,55.511386319341725,남
2.9321077169806453,4.236061244011058,568.9446990900601,28.65404524030738,남
3.2866454536991596,4.732659484060161,327.2972088024381,31.445222885346173,남
6.725184560770384,6.7131941697006114,321.66905364354045,47.68685346025068,여
7.5237452943768,9.60325010516743,571.5907319628086,61.55880108470646,남
7.915790437258485,5.8969366298605035,412.01745552423586,54.46370284685409,여
7.896181427945539,7.043408852130355,316.3464674297301,52.99829778558451,여
0.9120610304869037,4.249437154302353,829.3495297651237,20.468803943111553,남
4.944203047025814,4.890059205772533,620.9661062173235,32.96770321452864,여
0.5755876001664428,9.919780737753081,502.4713403808582,25.286444144436434,남
5.495288823237355,9.790712178616273,930.0582281115366,54.93407328768633,여
4.41530501373377,4.029639885606458,381.2972721403679,32.667878798808545,여
8.877041827582998,9.710870712539434,969.1431802687234,72.29089513632721,남
3.5091501255207866,7.834719626893002,519.776702164147,38.104135903730764,여
1.1706701642760586,9.207509767120133,921.8825706160768,35.884403652211645,여
1.4299168205283586,6.728439133803155,722.060013535623,32.199647876266944,남
7.615106317174723,7.093576171475501,878.6951518190413,57.800809312773694,여
6.182180633162611,6.933079481541521,988.809214247325,48.649149994423624,여
1.0112267612279024,8.001185545276627,501.88380647312204,20.867120900208473,남
0.8410680611499743,4.837907528537878,972.794839785315,21.173089154704144,남
7.009691314591199,4.179841539236068,572.6373264316942,47.37490632666253,여
0.7276300636419353,5.8475796495471455,569.8583333158456,17.18191261947514,여
8.218600592903563,8.22808457641988,538.270972978154,56.45129852588964,여
7.062422271564962,5.21112071273769,678.9853251433096,50.243601897362346,남
0.8134878064189976,8.040594599949504,407.901530224941,25.134776634813264,여
0.8483771408519192,9.819472276643623,687.5980397506078,33.73195798423074,여
9.866395785011754,4.56340429473651,679.1933686870028,62.46360593586021,여
3.742707957561203,8.035612709350758,833.331268823409,41.053088784024446,여
3.706421470668909,6.662501315827427,883.5549733563099,36.05916817432594,여
8.127995672575025,9.208853526265031,608.3089452186969,64.98357901571828,여
9.472485773838587,5.062898736684316,511.63327454604564,58.36241591706794,남
9.860010638228708,8.155755713356987,481.53442812196613,73.29254796528318,남
7.533781852589416,9.02869173788866,436.2366856934103,51.15932713598795,여
3.762595855309158,9.667685316844139,340.3533075393174,39.753734623364934,여
0.8350071669866876,8.099488169737874,539.7135851842993,27.27668472221089,남
7.771469159274368,6.983048584050564,489.1733844915483,58.634349391000974,남
5.58404249735805,7.707083441207283,976.4921701064851,66.56446939017215,남
4.242220092469763,9.21342990687231,690.3961783750308,48.29092218268328,여
9.06354385094736,7.423658479832978,543.0939273213553,60.57570250340626,여
1.1119748230615134,4.182322358181021,706.3273206955872,20.510470803180116,여
4.926251042908591,9.585692173041867,397.43769094198683,38.895784802714296,여
0.11353644767419069,8.137160506189367,610.8306244415421,22.547310748681305,남
4.6866064199412625,8.059080314663479,738.3640249947447,42.76955269397693,남
0.5630327568183735,5.294050914386303,642.228482254716,24.402501813212446,남
1.1881791626807192,7.953312821395944,581.2451604580269,24.912271687798082,남
1.1752624677710488,6.363186433924951,995.6938722297887,27.9757943500268,여
6.492103021160636,7.907397862248953,916.2203335042489,54.25972495832156,여
7.460448792654233,4.639558181847944,736.384170711608,62.639458793349796,남
5.833687650971596,7.947071827618216,698.5641528275979,50.44200960778083,남
9.621725484745419,9.996482354624,734.4623358772088,84.60900070914319,남
3.748705795237041,4.289272233163336,440.9184754757033,35.80201700786024,남
2.8571208628186073,9.863045105327904,576.596420285023,42.187992364276006,남
8.685991281894603,6.441447764337224,327.6216730236295,61.43273440497135,여
2.235958385194526,9.224520702023554,632.8822262407787,37.92664208350879,여
9.632225394406113,8.69431290434964,680.1172087703642,62.71256197170544,남
0.12154474689816341,7.402097565920007,459.42481527224675,18.61175004829952,남
9.69878826707639,8.43069525550796,974.8201930158596,79.32932363247807,남
0.43159911950576113,9.271093367808088,936.6182276560694,29.82187869233515,여
8.911431136980712,6.424841929906198,805.5002648191341,58.435892958889426,여
5.277011090862999,5.962198969379433,673.3706401357538,44.78113754154405,여
9.929647961193004,8.005560313381508,908.9784117533794,83.2696721315393,남
0.7379656473539886,8.84707565164755,,31.533004524502882,여
5.538542844013207,8.573710808659694,853.3568559924195,53.06368435047946,남
9.69302535619099,8.786881893151808,387.3745697767938,74.66988265031694,여
5.230978441701488,6.613499888877598,855.9474637845838,46.10883152226822,여
6.293986381352625,8.90700529705013,493.03729777594987,45.69495754448929,여
6.957486889846171,4.72125433222365,913.9634067127323,48.74724724015771,남
4.545410647677732,7.266934587765097,960.8294656777784,54.68366091323763,남
6.275580800840634,4.034551962988729,404.15717858358096,42.11861430686992,여
5.843143119231002,5.947514979401622,623.8729235457754,46.13255489354092,남
9.01158010490989,6.198769209228387,986.6911647138796,65.82315960877062,남
0.4544638034145787,6.377036149655533,638.3852051812027,30.93092631606102,남
2.809631895922303,8.172803240139173,904.4832657601816,47.56839319430199,남
9.504114840765588,6.331348607622075,712.1120654919239,78.39829324123201,남
8.902637838909163,6.6921617357351835,562.7309355437212,62.729595969453136,남
4.55656752785713,5.425264785245965,500.04848886810913,40.11197454219414,남
6.201325978015367,6.2395107497760405,442.2561637602611,40.325000280127576,여
2.7738118298113266,5.363617763578909,833.2587339643881,40.313554146449704,남
1.881211597237613,4.439175542610662,570.5783547761196,18.15129486283091,남
4.636984049399821,7.620691560288267,657.8928235405258,46.08910942179404,여
3.533522280260528,8.009276791330098,644.6278360008273,34.64593070580689,여
5.836561118508721,7.716942076057687,704.0953204631919,48.713308815597415,여
0.7773463696498484,6.780964262803434,905.9040019371865,22.321388237979477,여
9.743948076661665,6.278714681075379,986.5175405084005,68.10296884716401,남
9.86210744479603,9.180001897430952,585.3089460016719,70.82801696311387,여
6.981617140197452,7.114490710817308,879.2632454744122,55.18835560274061,여
5.360963663441204,6.875091265778385,835.1694562583024,53.07336497024734,남
3.0952761628632777,4.153852394838614,701.4702660189013,25.27447429887003,남
8.137950197069486,6.047486965756939,969.2330005283532,63.579762057214175,남
6.847311725538793,6.281173712715143,440.33216086988193,57.29202342335087,여
1.626169393448913,6.392936685381403,376.484947216735,22.115587987607743,남
9.109271844938425,7.4810342153639935,897.7733768687955,65.89656697037006,여
8.22537242923169,7.2016152803612705,607.4048716436239,60.45151829741597,남
9.49799913291924,7.647430556760668,892.8781979449424,77.61226479937051,남
7.2571950838836,8.58929956925277,925.1631436367904,63.68674414905823,여
6.134151959357899,8.87791443229656,343.72031553335,49.207720343678126,남
4.182430362906189,8.308738457358967,918.4253340902425,49.1332653260915,남
9.327284833540133,9.733142175729608,613.8233387585956,66.72948115756371,남
8.660638895004084,4.10939549605817,657.3027423029625,61.50181044238113,남
0.45218670106189407,5.174667914101277,738.6147577652472,22.03945344967333,남
0.26366974497252005,4.045377249868853,948.4678247110608,17.354739116016496,여
3.7646336687804958,7.884848284927618,313.3812661008348,33.53374858252991,여
8.105533307818328,9.388183293699921,633.790427822472,61.208532793298914,남
9.872761293149445,5.460893779457796,781.4054297013924,70.77373500340629,여
1.5041689110352818,9.56220726877784,805.89487038876,40.849110309065,여
5.941307153521351,4.361604341737365,784.7727020759755,43.09093273669727,여
3.8089085663102153,9.606616160833086,394.1045905856853,44.49075457683153,남
9.699143978146033,6.1097361234378065,509.5769118601769,55.3758261631972,남
8.421189231357086,4.608524970695299,551.1008677919094,53.91091612280913,남
8.383287047111379,6.915230555117954,863.1060453756535,64.22266213519482,여
4.686931597949703,5.540659406323048,,34.918878824387306,여
4.148195023376652,5.709237411771537,447.4934747070422,31.951852813548776,남
2.7340707193070624,5.84373978955772,970.2136133266673,31.721071526573,남
0.5637549665092711,8.818155386995981,306.2042995794282,24.97809224396447,여
8.647223762550531,7.234967660051527,998.4745989773847,66.75415503059769,여
8.129010091300776,5.867846194936022,773.7749092001769,48.92733577175284,남
9.997176732861305,7.662002699865511,879.9285096143819,63.505673397006035,여
9.966368370739055,8.296904045339161,506.2335774423352,68.45365982951105,여
5.5543170560262745,5.635744004401203,310.020694366942,44.431713162870956,여
7.689874151805105,6.481294609152109,816.5086629930711,45.83952239363428,여
9.44765729882428,4.7313165600216855,883.9012179004731,63.041280912411345,여
8.496473906774115,5.086896097208082,818.3332923674634,58.20825536937427,여
2.4734810174319763,8.086707123789896,399.995201110587,39.48246023688778,여
4.505441353100935,5.088630086173762,,39.05335333508667,남
1.2915941515149498,7.1509803020023615,838.2459474753487,31.0573357600376,남
9.540510272587223,8.254277570334596,760.9783609690385,72.52717581373301,여
6.0617463445088005,4.641261538568463,836.2811529569103,37.301233930214025,여
2.2864280550346274,7.403873317773421,892.1450077744125,39.002373071622785,여
6.7170068440585675,5.539376702208182,729.5228799662209,53.03599895165285,남
6.181282404578958,9.777561251425478,362.02329977877537,56.62311072190645,남
3.5816271803284048,6.901273880319549,641.3394667670476,57.755266862133226,여
1.1355759219962902,8.835955298650948,354.35453427012357,16.472770852491642,남
6.715731955927996,7.301359252937571,585.2801217227016,62.65766275154768,여
5.2030770090379335,4.260475197128915,584.9745423879393,38.94884326632511,여
7.723183917356393,7.798908253564134,346.2068908981691,59.112449524906964,여
5.201635011119934,9.708420053239943,544.1743737786355,50.639197673359696,여
8.5218150031854,7.609670920877987,377.6986691539204,59.48422188223197,여
5.519068387744856,8.915133156560742,865.7646470064556,51.23409008071652,여
5.609379715353863,9.305238780090447,963.3816181751296,57.93873599656655,여
43.832680132917254,5.368478631693595,350.62153268055704,50.48998423975162,남
4.034828662123971,5.27226903944936,968.580645104191,44.15738367816931,여
1.3401522845064073,7.66588593310595,665.8036195357216,26.609597459674884,남
0.28782676313338973,6.4661708188402285,509.6959745677117,13.818088503822734,여
7.55137255673619,9.039167817200322,353.80345269331445,57.12316865503567,여
6.203095513534647,9.400138740388067,650.4369876492924,62.60587100925516,남
7.0407976809922355,6.120528275816309,,53.329978332947924,남
2.129641615089107,5.421223353846893,794.9605340866888,31.23252821505431,여
1.3637147558676976,8.683153091463172,335.15820802478163,23.881680663935278,남
0.14544665667881929,5.648836213288817,351.0312847575325,19.324827807165153,여
3.5058755880659698,8.935685911082071,582.011297842846,44.64840143487347,여
5.899176868546331,6.542429521892577,506.7033458335603,56.89082101133447,남
3.922440450997323,8.005299395748823,462.6690261392335,39.371671580380514,남
4.374749220237291,4.573211883008009,496.70314923609953,39.330475383353004,남
45.20793472468742,7.743155948059438,862.4379203078192,69.80896352157922,남
3.4825546702330037,6.710606072423374,950.4596375422977,46.817940780749815,여
5.139894891598108,7.519650779052845,583.5718861692965,42.980332939745544,남
7.8365301274114305,5.0080852464691805,934.277701492748,62.26662470930939,남
3.9654278232127016,8.421242469665092,525.0469908735174,40.946607483545456,남
6.220867002278735,9.176782465259372,633.5058904406542,55.47201796077647,남
8.623637087467452,5.300438800544654,458.22029847119984,58.76002844538043,남
9.495206236576422,4.574287333120971,748.3332295230907,65.36914012648835,여
1.4707348092903794,4.141831516278018,985.2867806223662,24.909059669621804,여
9.265876251614944,7.851829002659596,722.4451672303651,70.33105685155019,남
4.921162930795382,7.642564216532684,550.4698588794843,53.28623196364805,남
2.5824438829895833,7.28018447628442,753.4722121933698,39.934558917526545,여
4.591357562382613,5.391682576695852,386.0444749257713,41.946370677046964,남
9.800325752854771,6.345435975433088,922.061356185779,68.63541664687848,여
4.926180939928696,7.566858011117038,652.1587655458854,41.84000423619479,여
3.287516102875082,6.980601153155016,614.5448194277494,41.320733806151694,남
6.334008543167258,9.926713121289325,710.1053519174634,63.004756440238545,여
2.401456187781931,4.818638515340399,737.3487039525817,36.38139838787118,남
0.7586332810866392,8.170867324285563,350.24306435855914,20.617428567743765,남
1.2887972191064923,6.425912608625753,777.8320548563817,25.926388584546046,여
1.2804583895777244,6.569197689553689,469.3521762208707,16.03678827657754,여
1.5190269351229435,8.305586593949057,799.7668427546129,30.2416207607546,남
1.3882717264941014,8.154616907946217,875.7743560689378,36.99118856194955,여
6.4087474480321465,9.94753596221313,862.7709552867642,58.234041821313646,남
1.8188008439914483,4.770365736724751,686.7506771855224,28.70464144126609,여
3.456672833238632,4.624657896304998,664.1189246175259,32.22135367498936,여
8.967884099060118,8.346032902772446,400.0131729375882,67.15190317132917,남
4.739616402628723,7.470321502038455,842.7423052821949,41.32769112096413,남
6.675577385210271,5.644963999358835,489.98656631270006,49.99372783606554,남
1.7231987120162984,4.47651621393392,647.6867959725625,9.090214093171339,여
1.9228901880867078,4.513949497578583,498.9918650492617,22.697787795273396,남
0.40868616266478863,9.36514524798471,393.6798540997852,16.558153631715516,남
1.6893506307216455,5.151203948312458,740.6903878242156,32.18603751120938,여
2.7859033903195862,5.940229372693125,338.0324243760327,33.07733670456707,여
1.7701048427674682,5.359938413361928,824.05166388834,30.144272589275005,남
0.8870253375705561,6.129977834991624,522.3107566827816,29.523221060460745,남
1.206358711006008,4.41654305647656,300.0942851031397,13.12123991489037,남
4.607787680327258,7.114358745449622,657.7903974660609,52.58237585677393,남
2.063337184057925,4.405675381553289,332.7963359693222,27.11695786439135,여
3.6426986104807546,8.802139046934169,493.31869047462965,39.568181614923674,여
5.034172708548569,5.402272491462599,794.8835412190012,49.60234467377278,남
6.903948286293653,7.2400714876270635,343.8827351353061,46.90724419601729,남
0.39312139841098936,9.28047452536875,887.5369446492016,25.279354681646094,남
7.994103989090426,7.905264214283165,302.6739458610082,55.76483921643004,여
6.279003894909078,7.197746719308012,472.7767084413316,47.873391457254655,남
0.8175903194887191,5.946002518692254,818.63283930645,18.883496814091338,남
8.735786241067773,5.998011478349188,521.3891048105147,67.004260545619,여
9.208724005318132,8.016921731189141,371.3246716462095,64.49643820358189,여
0.6107795985486375,9.964836167327006,552.1637431602995,30.26773260078459,남
2.7687764814720373,7.971035139096272,489.27530046916786,31.826948858176003,남
8.062012797930613,7.346700504220149,889.8983315123885,54.799431810474665,여
7.482596903836583,8.383903061435475,519.3435423096003,60.72451285710698,남
1.8452101935637732,6.791233673702309,852.2527302432051,21.76977074055665,남
2.093493233367103,4.360854055604712,924.3105013675143,28.08910906129274,여
18.5236051395691,7.373780895267458,603.6721937035707,32.46631367297567,여
4.845229851910213,9.74575170703228,936.9602006980745,63.02363467675041,여
6.1825477153029595,5.051817654145958,564.122637774235,51.21441387342267,남
3.689136395697724,8.140029344923995,974.8548915430757,45.003058540124776,여
4.625347161331479,5.205602131954339,362.50266716790105,43.48150013051843,여
7.474709381337565,7.214966106838488,780.9134865522699,55.38103409855882,남
0.366832028905979,4.580058697880318,645.66982831985,20.168372716839496,남
2.5243694434402073,6.702225617549111,571.3541638189529,32.738892259082355,여
7.133495858845524,8.536979973371476,742.8983151240207,61.490522798879134,여
8.952068376871994,6.085429145433892,792.6999641440318,71.21996731720192,남
5.116774421156661,7.989470346923309,303.05428875521636,48.2558162010811,남
5.321134852653157,8.772699764738375,416.8671621230391,49.76336372809804,여
1.0717201133977605,9.563066916876716,799.1322354440231,24.201619574040983,여
4.474123668234546,5.407852491132721,766.4697895047445,36.0507897420883,남
5.326172664550231,6.395895494855849,976.233253590074,48.57144218038497,여
2.4247050363472966,4.914496079982505,832.726453175548,30.74664374484023,남
2.6924323094938094,9.954901012950252,965.5408954119366,37.3763539041193,여
3.7728416310462265,9.562005807545772,791.7783510743649,57.964386658958425,남
0.20071197777726368,7.239742781683358,508.6365460476102,28.151381188997,남
3.220791655831783,9.052199766258529,373.75544557559954,40.95650386939438,여
2.1144800699654462,7.125747863632253,847.2767043414549,33.65684742692501,여
3.2749735217791462,7.741514128016558,750.9044550331412,38.305895565754504,남
1.1976213181925122,4.5347465926960995,333.7302086753074,13.635309562996655,여
8.90527280739895,8.531622522980847,552.0353261306848,67.49736493685761,여
5.935924535540487,4.766280901811409,969.7598708390003,50.19854589042901,여
6.791023191444896,8.95640578151517,650.2808019971409,52.1619326628181,남
7.891712386073383,8.692168526022314,602.9103952137932,64.54288502077395,여
4.984421989290572,8.252468186457858,620.3897236115058,46.854648311359895,여
0.8692028808742369,4.216962283148573,446.2179068036146,7.703080249317521,남
5.371065418185478,5.818770135671972,558.0950196053566,39.771892504427385,여
5.868411180208791,5.578675419465057,558.8692791910237,44.02007186477609,여
7.4543947418433,6.160818444829115,336.6485141312307,62.398534026887994,남
4.316595462296794,4.525856480583031,837.2973399625428,41.79042929494425,남
1.2758030279556376,9.621746938186376,591.5531023327153,24.860632193978642,여
2.8377590579872445,7.322813444274257,875.5259207714963,40.01986283328789,여
3.630822963986351,5.8331458639481415,895.2436007839268,31.036322610975482,남
6.459172413316012,6.381889102445701,448.39583828906063,54.95705392379744,남
5.707783046689119,6.683215243029014,760.14743751909,47.15119683560514,여
3.5609672589784624,7.6035660001637035,630.5972629140872,38.849759980664736,여
9.865152487929796,7.094076566178987,916.1097165450395,79.3039959751683,여
6.057748193568871,9.516351839286504,451.0184754235179,47.39581155773129,남
2.372267917359945,6.981780897434982,774.469240217031,26.584002858275042,여
1.0178247262040374,9.952948088939877,725.4264855769059,29.331288032938975,남
1.5285913918433203,9.108549746470574,506.71103430028296,36.119061050257166,남
2.459577283845081,5.251063086144015,395.62063255582086,19.159488539687434,남
1.6068137325955567,9.583571287863498,756.1478323340937,20.60191157149287,여
1.8656702405130576,4.698198387312857,817.0182206926315,24.63913589207232,여
2.850951686938471,8.904698250947149,520.939140634345,40.03225034248471,여
1.7337359529475482,6.283739760859481,751.3828228156196,34.75129626330705,남
8.967654246264251,9.267845922670418,576.5916353280522,66.82407261951562,여
0.8023374566164221,9.208340140644701,799.2448182978324,28.363682711769822,남
5.245113895702547,8.835552400705726,439.45069242583713,54.06068487546129,남
4.103968269896615,8.740182617842368,923.1505018453221,37.883003105143935,남
9.823786169086064,5.828074834588245,501.1867175259058,63.84434381395082,남
1.1203890216805235,4.485515698307513,557.4501914293071,21.099597868936005,남
3.9785559904574166,6.417881072590969,340.66436645624486,38.38127936845664,남
9.69470433275369,5.041147089919052,378.0585486248935,59.787367863901075,여
8.655071258939802,8.16970653341477,661.1033318986297,66.39800773904405,남
8.1707207094928,6.076598359226713,487.31487370958007,45.438312235948274,여
2.579028270449398,9.85366120515949,884.836158019536,38.15958328109209,남
1.7088758739006582,7.845832464071992,310.2853720584677,29.60644158100429,여
6.68643219924431,8.934883381806166,565.3658340703553,52.04411592926403,여
9.293759891275858,4.79514803645109,536.1418827383649,61.7154354646131,여
5.567628930139298,9.172086893635736,313.52934164232073,51.551974358404664,여
5.7161268946989985,9.536543143080365,387.0578793003572,49.811553548370476,남
2.7997909366028417,6.922371512913616,589.5498724430447,34.59151528825474,남
7.694929331919369,7.637517626505865,645.0052091132127,55.38607117731764,남
1.8704374855752337,8.588858805417972,583.0028230784084,31.326876871015962,남
3.2367923640424365,5.049031763562475,671.6563748884657,36.0496699441679,여
4.254364386164168,7.015396458780654,716.5921724339771,43.25340137756409,여
5.07610378684455,6.391978166633878,306.9466747894849,38.30128566756567,여
2.4240973241508024,4.878243952973495,624.8666116174527,29.246722664329493,남
1.1483682473920354,6.205206533749188,974.4494686213118,31.469797943854758,여
6.1062004244163255,4.409033856312961,663.3225960906841,35.732589402727,남
2.8863055324025577,4.154871441696922,774.2795872212672,36.279436742398794,여
5.812382214226123,4.810997734928937,518.3047005418182,42.18567985300131,여
1.5436271527420231,9.778690669535044,841.7939647069338,37.8209064160507,여
4.811401018548175,7.297177215370102,841.0450373132805,53.04804451484002,여
5.325894325515859,9.794932966919319,664.9072333578972,46.01004140884457,여
0.5182353682242691,6.594987269980792,983.2096762954495,22.066043131899693,남
3.366042781939206,5.870896798511557,387.8851503338574,31.008115530679195,여
1.3441467693897424,7.036851177041465,311.8633654227067,19.99430224963657,남
0.6337497047276774,6.6370701317974605,839.1107482299672,33.50867914871702,남
9.899602323899453,4.633988105570463,865.0088761554177,63.132216123058406,남
3.2235384497472297,7.844957888141238,384.14506038440334,32.871324731428324,남
8.09874445854635,5.296229095057598,485.90798307102426,56.96720547157207,남
2.5464065476376385,7.717527729386978,312.2866543566402,25.279207110148107,남
6.8150272222392925,7.901206554388921,,52.95230593665694,남
7.6022785988968655,4.912149118771889,841.1993117430701,57.83495065570968,남
5.956387406078443,4.368097762664009,662.5723693988052,43.479554227795724,여
4.715761885501584,8.684569516410638,543.6669152178017,45.91768331800748,여
4.118409141472686,6.758802542615921,560.2175064344312,37.065165294697735,남
3.4886826654299528,4.348982773032855,300.9475380008277,21.578502707319913,남
9.29529144247826,9.969197903018603,509.8603692956651,73.12142276808135,남
8.306194077877292,4.346683365978199,752.5211191465514,66.52421367104458,여
9.650269106665126,8.170211373151318,,74.50313754025996,여
1.2429722348554473,9.902073551580482,892.9425788887296,36.07475465256324,남
7.308674752036443,5.435080625295553,316.51647525187036,54.04231353887632,남
9.383404568210379,4.8534962121231775,928.9924232723876,59.567287015288635,여
1.8123306616566015,4.728309636534574,848.2388893090382,35.513234765090566,여
0.664962673667775,5.819650885405573,846.2632864996863,24.438391986260893,남
7.4112064929005905,4.60627486606388,620.5970313025,60.633837005101256,남
5.744731131799119,8.152968050164791,578.603705068152,47.150463832386755,남
8.41828776758272,4.373750788780376,512.0410101832349,65.04966013009583,남
1.397723766262895,7.056532768898738,345.98640126805606,28.437325851966428,여
7.952673118598902,9.98018112311786,459.76475444558935,67.08657581294793,여
2.0162732004774453,8.883821617036112,472.62254448461726,33.745356953071365,남
1.636559428657045,7.6913166293860655,638.8539487971411,28.71132679965652,남
1.6426579793099294,5.83752172471967,823.2110846176857,34.1231024845352,남
8.14574720231382,7.74337501774983,631.6668798785627,63.233954195094626,여
6.651972206962001,7.162248783469909,340.4911146130124,41.15392122994419,남
5.230654247691193,6.556500303342229,970.4528606917427,43.38486814352284,남
3.5883048412350247,4.784262260441197,959.9070233658786,36.17989019975256,남
8.772005408131083,9.3196252914428,849.6326802038859,72.54559934140765,여
3.924451074226354,6.698707892927935,993.9295310949544,42.67602402343771,남
8.16599439471577,5.16773507092459,681.137632960184,64.07167239399818,여
4.391349085702184,6.206556105263738,,34.353726770617726,남
3.769444294249076,6.484778515173562,352.9235284317256,36.063953468435564,남
4.626797856696064,8.965227373401245,555.9765237829599,37.53431314117664,남
3.0137787416414206,8.401686283368413,457.7668876047361,40.24849662841213,여
7.476093801762511,8.61582936184804,437.083158893989,58.510665749238505,남
5.027203900924792,4.066187586571884,398.56206422487327,39.35206518013705,남
2.322126951468173,6.496923989078569,735.6895490961977,27.641963423511147,여
8.995745732745684,6.888064909811941,846.9252990231136,73.62143613187219,여
3.8389122137321143,4.11515366093834,704.8088795942524,39.68158050677403,여
5.435528611139886,5.558879252470206,402.87389671174674,45.241862042816756,남
9.06472110964547,8.561738938732809,867.7866389534296,70.47736358091007,여
6.242379959139921,4.8226582343739945,745.16829501461,51.208185641069356,남
1.1689804070836407,7.2118607887155495,571.7159942888968,22.45132071580153,여
9.398321236134752,5.291211232103425,771.891206875244,69.5707190087366,여
6.277080530714178,4.072724647863359,481.933485469983,52.59759127561705,여
3.3490561465708613,5.447208745597249,541.6345459459474,38.4090964834042,남
1.3927207266338726,9.855242529460323,942.2400901923932,32.4484772449769,남
7.9402518927029595,8.809222671297938,503.3531539699943,64.16032293217613,남
6.200727559285135,9.7574598659262,628.9917877105556,50.3427676865904,남
5.334610919763215,6.9271242635581745,923.0987961772103,52.620242643582905,남
8.938925830509577,4.658417192065021,795.4049451872693,64.21853005286331,남
7.885972112245307,7.287756933842157,343.5422583152919,48.09171531440295,남
1.5167487973275118,6.726264007359765,403.11213099527924,19.258474091748067,남
3.1172206779554825,9.066142496437696,305.48911354034175,35.35758503433738,남
2.4848913981446574,4.588495484705468,741.6452531604143,27.513601756034234,여
7.43946292572677,6.929446822130669,613.3713977872928,51.14253757367409,여
0.3353243473577938,4.9002919881639055,393.9923956315929,17.362023316193625,남
5.698896848713165,5.94805556134036,970.5538847397393,51.353502258346495,남
7.624586857406905,8.424142464326799,670.7618067619339,60.70749162341486,남
8.767656367617494,6.856108776212599,469.32530587902244,58.464794948511084,남
3.4208174871590744,6.255329710874616,650.4224998082952,41.362507487710374,여
8.212573046720129,6.366857671420211,775.7342329145754,69.83095847102831,여
1.1063173695520723,6.75668061043592,353.3674525814951,20.16081517521447,남
8.464522917345182,8.710099263022341,492.2926705335244,61.60490523233173,여
1.2748866233198242,9.352508133641408,864.8758436187956,36.18424614712987,여
3.9728729056036727,9.73200811902357,621.7654092818628,43.7558879601492,남
7.972953657795536,8.72142031753177,682.6039994226064,63.436662914951114,남
7.4958713674386885,5.892441374488076,602.9712015466284,29.00873189050448,남
2.2925139523264146,8.128808236519253,330.72995985010357,21.480705395635148,남
7.222525683930662,6.6256187443323515,416.02484587410913,60.11562599132246,여
7.200365365460744,5.528023732276307,611.8791471193236,53.54006838469627,남
6.411476328852973,9.045229476555535,446.4298257855495,52.554673132420525,여
6.939484444671001,4.23055809377395,334.9853200617751,46.06222084041341,남
5.427244433475962,9.41057195281254,890.5547648362766,54.67506049647025,여
2.5179905890695276,6.768864787748405,986.8347704148811,27.34002370776863,남
3.4569599350391944,7.823208860849682,855.2000117977176,48.957908652138684,남
1.8159771680142567,7.956123533234696,897.649445193267,34.175255519826436,여
9.084505613336283,9.370706444239218,469.38399122193175,71.07279151961605,여
5.833917947661204,7.8200180930032435,972.4388828592398,59.291763605775124,여
4.008514167636399,7.68360150856037,437.8479931173999,34.68244149867523,남
4.620058036441327,4.39991224336414,966.0008672532825,43.92748283664389,여
9.472833396118153,7.110448131671225,996.3735057761658,70.2105928472009,여
1.533514031160802,4.90101400490225,798.2059640222342,29.68551168191332,여
5.862298320167972,8.424602612328913,986.8006122542753,45.39256584628296,여
5.05888678884466,7.073331524876047,698.6778456969726,45.93240394973877,여
6.1145423543464785,8.08136667525012,481.67924822326324,48.538134325545464,여
0.18110183820840509,4.250037403614305,605.8971199659346,17.62586995110076,여
8.721239089441514,4.5087520962748195,715.4926547651502,62.12884712424972,여
9.321182824836123,8.297940328376093,351.1570934189105,63.17523624101178,여
5.65133183589209,4.43250601599204,735.6402852320723,40.91720474288503,남
6.966508238768922,4.427540366591551,986.8244857336061,53.002539941577126,남
9.224993811772958,4.072650851409325,433.0753548486093,54.1178131735935,여
7.072386343133986,9.739008389796881,854.8165814018683,67.59803278654302,남
1.5253904291426135,8.425050156754041,935.5291556457336,31.986308013441256,남
5.762883601668132,6.1195084510123845,960.5911149741546,36.12440496349876,여
6.067150463828559,5.779213487725931,972.094923083813,49.74101824232376,여
4.24130671302386,6.098219378475097,665.0217471050304,34.86047068889994,여
7.3644423562472285,8.647921187087091,984.1155355940526,55.80283043404612,여
9.343670147690148,7.968223666422486,830.1171449941072,64.76883633012392,여
9.255685129067764,5.111173407204808,413.1700053658733,61.179514872572014,여
4.508393714041321,5.044656012004506,633.830074527579,45.61278548073256,남
1.1323804584075525,4.590373898280384,802.8318227604027,24.43689068552746,여
9.848411989623346,7.961816318208029,473.1382210733583,66.86455785418767,남
8.388980864459342,8.586235973330416,748.4306284842212,68.88120352965326,여
1.2466268120326685,5.590278569950025,766.6203353326334,22.784443002294765,여
9.208418826173723,4.125669766185477,413.8898206659961,54.95933002408381,남
8.698963620621283,4.493030004858564,695.5597187169294,53.66466195882792,여
5.188380571260721,9.807160209070183,840.1388376850254,45.198467617535634,여
5.912754357449293,5.772668664864522,649.2269651751594,45.65176023592988,남
3.9900270387013026,8.615338887028802,308.4721817432752,41.05580223459753,여
0.5476163882203133,7.747981413125583,306.32692835550455,20.814195700833327,남
3.3519724164590095,6.291637837917375,549.9205407790085,32.76250852618309,여
8.028534485980114,5.23412357317333,948.3358479022473,55.365547751785805,여
0.04632023004602859,4.728318508956439,460.07374572252616,17.330206583793125,남
3.334991716911442,7.6900778082332,744.054582210181,32.9100004233925,여
3.9816869359094333,8.647802683826729,455.4531094853244,45.638710711271244,남
5.373956029379229,7.863425521246784,525.1689927616841,42.83723602237293,남
9.198556164127606,7.18181279949495,893.6294627210387,65.53052486007314,남
3.4634599436596125,4.251707340589817,810.2030095889628,26.58881854228894,여
3.469532018962277,9.810932665566302,366.77949411924743,38.130309632708276,여
7.3750124810974835,8.792285149927448,600.0914146905036,65.33710914463725,남
4.522179408898071,5.756932220205789,320.4188345516851,39.90709027263858,여
2.2460482293998196,9.879821976153103,636.6231026221062,42.248226685666545,여
22.621975806634673,7.611289537817933,763.7038081907476,48.09230569384769,여
1.4085702037979986,7.494535949243479,382.9518365187061,20.343092140012164,남
1.763869865062233,8.488439076577192,502.21945723641596,29.164475929191923,여
4.983677727394797,8.870618728540826,578.4856378515099,44.543486826983425,남
4.189254495045479,7.938871643989016,943.6717172592348,52.913607455992974,여
9.148459010681,4.7685744781972,995.2785107960748,59.2482858856286,여
3.623938991166331,6.02960503596699,331.4379092969311,37.961772567680505,남
5.805883502780435,9.568501841956298,832.7055464467744,60.958246012826365,여
6.322642879195303,5.347693671063111,560.2068464816402,57.058771211499575,남
0.13094456588333636,6.23300214302508,574.720730360636,16.819501455925714,여
6.635373720167106,6.592461297665176,827.9854813429159,58.203256807495855,남
1.7803596686975143,6.636429938166713,942.8985025017861,43.01190242753307,여
9.610703174694551,7.677637494967153,965.6500161517839,69.97708264025643,여
1.4866272775311296,9.658455026468246,703.9858102268245,26.114703305198585,여
4.146241237270237,5.4441562709950295,549.984811510352,27.719316673905947,남
0.8534966807864386,4.729008257805509,851.2843601011455,25.80190366486132,남
9.968742518459473,5.1848229391596234,475.7009682836102,55.55461711315979,남
5.021950103312426,9.321549401255616,694.8518201834625,48.839772256218374,여
5.953850173200438,7.874864875931236,551.0049230674113,53.215595783733576,남
0.6707647738842748,5.715440735434961,759.6417515955133,23.307000540395997,남
7.499604703991778,8.895681633811703,468.27923902545484,62.09940349875771,남
2.0990559309558576,9.168219978180616,434.11506201437805,34.28431951028857,남
8.980542894407137,9.079086032141667,942.7673606728059,78.88288920961405,남
2.0513964048200717,9.513559201837326,371.26257806467584,28.235144304727783,남
1.9068772066366657,5.51344612104017,654.1705354144522,23.718007937115534,남
0.3654966784809488,8.53025157247767,454.59694807410625,19.57065879174703,남
4.720669451099992,6.76323698364484,327.25097432796724,44.55329002538237,남
5.648411332626164,9.05199131734037,325.2131728039985,54.10016396782686,남
0.6570863942835237,8.370944062969679,422.65524047407916,26.50999909869031,여
7.755276166950106,8.658684678998348,906.7392481542001,71.07861100873886,여
4.532888347480276,7.936971026086429,497.73512078391866,37.625530660531524,남
5.243902693275801,5.064572616818241,965.321419402707,54.33799345179824,여
4.407627469382281,7.27016151338163,707.1356050924355,51.266009533160315,여
4.00763060875326,9.90801843714705,605.6299328381363,49.5885992326705,남
5.596403313082179,9.624328398982714,706.0621842686182,63.20028974991781,남
1.552402459307125,4.25904241478207,661.6888696583874,14.61386978429477,남
1.8192813049527112,4.988888894376623,831.1433776301276,24.763377408504823,여
8.617856210135173,4.790372640727371,497.74724618099657,53.97098149053081,남
9.461154621336327,8.355879459911772,547.1352741202116,73.09628138649401,여
3.7330931627975295,8.90671197914167,925.8660117732755,40.486846191993024,남
2.707446731435538,5.281068197864031,962.5195592052838,37.51204139164602,여
6.439995432390157,7.0351161577109735,924.7907592405321,62.37079778976162,여
4.087341710980964,9.0442181680672,593.6135957701194,47.937295349160415,남
0.2538635566034486,8.396809268597504,846.2558521048172,27.94424995956793,남
1.5615259736619036,7.253423232951089,633.4350133107691,23.70945976281564,여
7.159722288473976,7.542086142752638,648.2778965022715,53.13130786227104,여
6.589239419101514,7.05016328149768,443.27607634009877,57.727378948387255,남
0.2709599250348349,5.785290707912924,713.7912122809615,23.9600381833363,남
2.219721619329494,7.390131957154097,430.29512842734357,29.98672569834138,여
2.310747965880714,8.133311812300544,532.0952893470356,31.051768618645568,남
6.718927435987284,9.239937495164845,898.5211411339546,50.930684216048775,여
0.19710537754364155,7.8177481238754885,444.95306644759864,15.716291706522977,남
1.0410858198457384,8.566729222258948,349.81079962140296,35.39409097565924,남
7.999160853731894,4.960429809727438,348.3053148289714,46.99743918139172,남
1.7854466205433361,6.76934484651874,958.5491643521756,32.99881354538132,여
6.527461078518747,4.05598971896256,654.8443065732843,52.334947762227685,남
2.381827810467265,5.480073187129738,586.5884502719128,22.46055658930347,여
0.9944139275934516,8.358770290678029,867.6150067055429,31.28931266028416,남
2.4317219099945406,9.95085970809618,885.0781495373612,45.600688149091944,여
7.2226693185565916,4.595068597523295,532.5337231809233,50.69131762917504,여
8.556964681062858,6.4089658951677295,785.5326402316566,77.80009687630016,남
8.302198645669916,8.800425812194957,839.7859710963206,59.16670826931172,여
3.9718352961845484,5.224213807773393,758.2554808061682,43.1838015539506,여
6.680851365706461,7.330509695813717,406.1165523600696,51.262433056778114,여
2.0498429541582097,8.39842777617805,,40.036852681949924,여
2.9314773026101326,7.695912701561074,677.3661869152061,39.0294095438211,남
8.963358185211197,5.128148407692497,497.7306984590026,56.384613740481015,남
0.13001923510736035,6.132307412114437,597.6597298063857,20.036290260126233,남
0.8550853085446808,8.702750706912383,326.29976327923515,15.654418332349083,여
2.078862551460273,7.325359084792099,389.5067608556923,31.956336038299455,여
0.26532203873819715,4.031377681257476,835.8827253611026,19.238985139769593,남
1.8143543508979731,8.565944560168564,300.0081443287563,32.39704316133007,남
5.830415609696922,4.211868129641434,591.5960799376046,48.78236673257927,여
4.214245505924979,8.474402696387394,665.7571267599119,46.51570339104735,남
8.926717110769749,5.214883360991425,338.2440940006806,59.18624031482979,남
8.17443561738441,9.74844088071628,981.154714080633,65.77526530585448,여
3.4181735169787597,6.207644507812507,458.2877318747703,30.527930101021266,남
2.594234334312925,5.961589698028474,512.9391037453966,35.9574152059622,여
3.7969240816726693,4.893328301994668,512.7597585785192,41.08055162666776,남
5.902949425148077,5.8336252929412895,461.29166348214494,44.604362164884144,여
2.6806364082287626,9.259904570969203,301.031675460418,35.16332167395277,여
6.24148907849134,9.978006025763484,810.5413558615974,54.74579912763082,여
4.0941165219124045,6.20985718304109,976.7918498594997,48.52199970057642,여
5.520471808519803,6.691663785727256,457.00543829953153,48.88282511550773,여
4.361265291353167,8.332425629216422,764.1330342623958,55.818595240141384,남
2.9446575954191765,9.317174682790448,819.3274288711006,37.159296245489095,남
9.484533069621566,7.558266005120705,893.8977653633673,69.58813551689182,남
7.636057941597608,6.349154189066976,595.8404379095264,57.99423207784511,여
1.4011317576645255,6.4757310450917425,512.0516339483005,28.310084906617966,남
8.684679758979128,8.173708878980841,527.7065938161218,63.96954430328038,여
4.874311982495136,4.019309581625672,798.834933168959,36.03372295514812,여
8.945522268940914,7.717536024759044,871.7456265539453,73.28717730437997,남
7.998552559473152,6.132958062648145,427.12977742962187,60.13565350968618,여
4.252135044692334,8.765183987662505,559.6587057104357,39.80625975307242,남
0.22469308320117398,4.557943838938793,931.3581377244051,26.330148476654987,여
2.686773593849461,7.529213601690343,864.6854637863174,42.99014335647418,여
5.416342146608669,6.885837339316742,989.4008819337331,51.41887671725313,남
6.334782198261473,7.853953155431364,827.9737817774566,56.05954443182484,여
2.578876854332023,4.38912156689781,575.2366407195456,30.19528266823073,남
1.3935607407282413,7.479902724568788,713.4464837962464,24.753558639459957,여
8.34930236799299,7.368907527757142,762.7099779731242,64.2615840710309,남
9.84402180703552,7.363960566497026,354.91907142198676,56.73530315934562,여
5.256901823026858,7.620925999578729,681.1478713727056,52.720118055533476,남
1.716792858483035,8.058807623358174,796.5245799308267,24.859359226230495,남
2.7230732651936895,8.829933998084618,417.12491280074227,42.9635825922901,여
0.18390676547466733,5.6189243207692865,846.44220219789,18.971204021058558,남
9.14298806560499,8.950296461080372,708.6409463598782,69.64360780412859,여
1.1775108289014113,6.989534093580722,966.5552499883163,26.393505301129135,여
5.765164755142536,4.462349674805987,329.6956087448242,39.60728484316251,남
2.74055220687206,4.351305575463876,485.72829628882687,34.355311873916506,남
5.541780025157934,6.005429912176365,721.0877155098768,34.49159382256577,남
6.514203883518642,8.709381862668806,507.5919385441515,61.45052945881328,남
8.297418037072017,8.246085608445494,800.0969148498696,67.67034795625831,남
2.064212717606032,8.731689788034439,831.3036977653517,30.062371902466477,여
0.10995828658480478,7.103614338649656,371.7611748465321,13.09806989344247,남
1.3688563006880727,6.641193987732944,659.6981249447374,35.10561586439464,여
9.00018641848105,4.884715160237704,656.2233889137392,56.60506190230439,남
8.738900775625153,5.9691565216558695,558.4965391508788,55.451029759966495,남
5.974131021703083,6.604116197043251,953.0474037987705,58.29593425241326,남
6.005168604336534,4.531602578077703,879.2544239112549,49.574356798380194,여
6.650366745462555,5.323671716267268,788.0465673367457,47.09001495053277,남
1.753712786234496,7.589351764382433,800.0286450144984,33.03067878710542,여
9.144119459249598,8.41397868543514,623.2013006691834,63.65180425560871,여
4.187705248920731,9.990085068357697,,55.86976502110811,여
3.8313852824949746,9.598679988061345,786.2167990772998,51.523309203736225,남
5.189177052828375,7.85539119721115,810.2867431590715,52.41956608426461,여
0.46965966775055046,6.527488319764432,903.1836326511417,26.243416611028117,남
1.662833687560794,7.817064188249397,491.8501125395337,37.67273856403497,여
7.380336164263705,8.713909708481392,864.9496327066921,62.97742820228935,남
0.8279866792512647,4.7100171455403235,436.6684220695444,12.017281280928408,여
6.031521094663882,6.4594293381777295,541.7393665714214,50.74122737955061,남
2.4534910968132095,9.038813713813703,534.9273179888899,46.12459133926792,남
3.8929561404197655,6.302997711598264,,36.84665693809008,남
2.8869373677069987,7.431233627363119,899.5760566235488,36.4856008260268,여
3.5567271646494913,7.5266161651731895,790.8189031131818,42.82728737523292,여
7.1904590518424545,5.106857518801836,808.9397331307731,53.98588338309497,남
2.9712171562317504,6.173412649913731,693.4509560817997,29.22590273991764,여
5.664046402968972,6.007067732451593,962.9634669759633,55.573291430660035,여
4.760504021990997,4.157180251192389,647.3811270176531,50.19089549260259,여
6.636711653626481,4.145150583348132,566.3623969089261,48.11814069903746,여
9.36829739324758,8.990182262054642,414.1247358521137,64.44275740018833,여
7.325720972102503,5.638424859836874,850.3439565827406,48.6640915207463,여
2.149403785907568,7.108472597432892,814.110752452914,34.394951555038666,여
0.3118313506128467,5.792353441532638,,24.35373562237974,남
2.622640442998251,9.644075470692043,317.63538977146055,37.95354578656685,남
5.9507793070025485,5.5557805531946425,887.2981294026075,49.72641973083384,여
0.5142581348425035,6.57794087643361,307.99258841785155,15.86074005231172,남
4.963662472012364,9.236381502907612,792.5898457403357,45.75615565968995,남
5.968428489168892,9.051601400750851,979.17997680824,61.91090164705298,남
3.3424389081696084,5.116608507077664,606.3629297037425,37.57789895896872,여
7.7091220374582194,8.815859858774262,,53.093494806357626,여
1.065982531337718,6.749121320427356,793.4097070303671,34.7114472587504,여
0.7513778173580876,6.8978132325121315,871.9896994109096,29.1427686503938,여
7.281887562036033,4.800879834495663,682.5012212544932,59.834182917445396,여
4.954913162061985,4.483609082542748,976.9246926793023,36.80039215976287,남
6.88402396427736,8.367635841842592,,47.68795177960052,여
4.348273386037462,6.978766914131798,653.3569188131696,41.48762339774611,남
2.464020332391068,6.621104215691077,802.9177631257851,36.105409859071315,여
8.191023176741997,8.377049371914381,903.8483298044252,75.72950204021781,남
7.994158789689792,8.593077393946658,425.478928335453,64.94213258877247,여
6.946964708544268,4.953449006016122,860.002437234577,52.028339543039195,여
2.7214513722996267,7.661350896865848,686.8949530029818,30.66706214693019,여
5.902306668690871,4.812124493666113,577.5875773929743,51.061660968312076,여
3.6097389694002677,8.508250516174275,392.2005200053655,34.163673950649965,여
0.9158207332663415,7.941730937602837,905.7070312362387,37.66197862776137,여
9.173135754622429,9.739687726500748,410.0912457258007,68.0240434353391,남
1.368186309189614,4.413748098138527,516.8515014463694,28.78985311977807,여
9.502373538208024,4.342328326907526,503.0318723737058,64.62149951888863,남
4.460057729579558,5.693122448159201,909.989823933598,42.10145433633988,여
